idOrder, datePayment
1,2023-01-01
2,2023-01-02
3,2023-01-03
4,2023-01-03
5,2023-01-04
6,2023-01-05
7,2023-01-06
8,2023-01-07
9,2023-01-08
10,2023-01-09
11,2023-01-10
12,2023-01-11
13,2023-01-12
14,2023-01-13
15,2023-01-14
16,2023-01-15
17,2023-01-16
18,2023-01-17
19,2023-01-17
20,2023-01-18
21,2023-01-19
22,2023-01-20
23,2023-01-21
24,2023-01-25
25,2023-01-29
26,2023-01-26
27,2023-01-27
28,2023-01-28
29,2023-01-29
30,2023-01-31
31,2023-01-30
32,2023-01-31
33,2023-02-01
34,2023-02-02
35,2023-02-03
36,2023-02-02
37,2023-02-04
38,2023-02-05
39,2023-02-06
40,2023-02-07
41,2023-02-09
42,2023-02-08
43,2023-02-09
44,2023-02-10
45,2023-02-11
46,2023-02-12
47,2023-02-13
48, 2023-02-14
49, 2023-02-13
50, 2023-02-14
51, 2023-02-13
52, 2023-02-16
53, 2023-02-15
54, 2023-02-16
55, 2023-02-15
56, 2023-02-18
57, 2023-02-17
58, 2023-02-19
59, 2023-02-18
60, 2023-02-20
61, 2023-02-19
62, 2023-02-21
63, 2023-02-20
64, 2023-02-22
65, 2023-02-21
66, 2023-02-23
67, 2023-02-22
68, 2023-02-24
69, 2023-02-23
70, 2023-02-25
71, 2023-02-24
72, 2023-02-26
73, 2023-02-25
74, 2023-02-27
75, 2023-02-26
76, 2023-02-28
77, 2023-02-27
78, 2023-03-01
79,2023-02-26
80,2023-02-26
81,2023-02-27
82,2023-02-28
83,2023-02-28
84,2023-03-01
85,2023-03-02
86,2023-03-02
87,2023-03-03
88, 2023-03-06
89, 2023-03-07
90, 2023-03-08
91, 2023-03-09
92, 2023-03-10
93, 2023-03-10
94, 2023-03-11
95, 2023-03-15
96, 2023-03-13
97, 2023-03-14
98, 2023-03-14
99, 2023-03-15
100, 2023-03-18
